motif_id,reason
TWOWAY-6-6-CAUAGAGG-CUUUAUAG-8CKU-1,poor_geometry
TWOWAY-7-5-UGGUAGUAG-UGAAUCA-8FR8-1,poor_geometry
TWOWAY-7-6-UGUUACAGC-GAAGGUGG-7QWR-1,poor_geometry
TWOWAY-7-6-UUACCAACC-GCAAGGGG-4V9O-1,poor_geometry
TWOWAY-7-6-UUACCGAAU-ACUAGGGG-8UU5-1,poor_geometry
TWOWAY-7-6-UACCGAUUG-UAGAGGAA-6ZN5-1,poor_geometry
TWOWAY-7-6-UACCAACCC-GGCAAGGG-7SSN-1,poor_geometry
TWOWAY-7-6-CGUCGUGCU-AUCACUAG-5MMI-1,poor_geometry
TWOWAY-7-6-GGUACUAAC-GGACCUUC-8KAB-1,poor_geometry
TWOWAY-7-6-UUAAGGCCU-AACGCUAG-7O5B-1,poor_geometry
TWOWAY-7-7-GGAUUUCCA-UGGCCGGUC-7ZW0-1,poor_geometry
TWOWAY-7-7-GAUUUUCCA-UGGCCGGUC-6WOO-1,poor_geometry
TWOWAY-7-7-GAUUUCCAA-UUGGCCGGU-9F9S-1,poor_geometry
TWOWAY-7-7-CAAAGUUAG-CGAACGGAG-8UU5-1,poor_geometry
TWOWAY-7-7-AUGCACAUG-UGUGUGUGU-5WE6-1,poor_geometry
TWOWAY-8-4-GCGCGACCCC-GACGCC-7O7Y-1,poor_geometry
TWOWAY-8-4-GUUCUUUGUA-UGGGGC-8T3B-1,poor_geometry
TWOWAY-8-4-CUUAGACAGC-GUCGAG-6SPD-1,poor_geometry
TWOWAY-8-4-CAUAGACAGC-GUCGAG-1Y69-1,poor_geometry
TWOWAY-8-5-GCUUUGAAGU-AUGGAGC-6YSS-1,poor_geometry
TWOWAY-8-5-CUGUGAACCC-GGGGGAG-9DFE-1,poor_geometry
TWOWAY-8-5-CUAAGCACAA-UGCGAUG-6GZQ-1,poor_geometry
TWOWAY-8-5-CUGCGAAACU-GGUGGAG-2D3O-1,poor_geometry
TWOWAY-8-6-GACAGGAUUG-CUCGAUUC-7OYD-1,poor_geometry
TWOWAY-8-6-UGGUAGUAGU-AUGAAUCA-6DZP-1,poor_geometry
TWOWAY-9-5-GGUUCUUUGUA-UGGGGCC-8T2Z-1,poor_geometry
TWOWAY-9-5-GUUCUUUGUAA-UUGGGGC-6QT0-1,poor_geometry
